time,open,high,low,close,volume
1788311400000,77230,77372,77230,77351.46,76.23249
1788311700000,77351.46,77351.46,77238,77319.41,35.76966
1788312000000,77319.4,77348,77285,77348,40.63592
1788312300000,77348,77348,77150,77150,72.35952
1788312600000,77150.01,77188,77076,77076,54.27639
1788312900000,77076.01,77076.01,76982.87,76982.88,42.41172
1788313200000,76982.88,77021.88,76848,76886.93,60.21892
1788313500000,76886.93,76974,76830,76830.01,68.40612
1788313800000,76830,76841.01,76718.48,76814.39,92.44986
1788314100000,76814.39,77044,76796.67,77020.68,64.47397
1788314400000,77020.67,77052,76964,76991.64,51.54788
1788314700000,76991.63,77210,76948.97,77064.1,63.00706
1788315000000,77064.1,77162,77044.4,77088.4,31.40109
1788315300000,77088.39,77195.66,77080.73,77151.88,38.2841
1788315600000,77151.87,77266,77151.87,77249.86,43.76363
1788315900000,77249.86,77343.74,77212.01,77325.48,48.03847
1788316200000,77325.47,77325.47,77224.91,77275.99,29.55539
1788316500000,77276,77288,77200,77219.75,29.33896
1788316800000,77219.75,77230,77171.51,77226,27.92243
1788317100000,77225.99,77260.22,77204,77238.75,18.12594
1788317400000,77238.76,77281.96,77236.19,77239.01,21.8067
1788317700000,77239.01,77329.2,77232.48,77329.2,34.3878
1788318000000,77329.2,77474.35,77314.51,77474.35,59.08426
1788318300000,77474.35,77503.75,77424,77435.6,53.53676
1788318600000,77435.6,77600,77435.59,77512,56.95188
1788318900000,77512,77654.34,77494,77564.01,51.37271
1788319200000,77564.01,77605.34,77526.2,77544.72,46.10359
1788319500000,77544.72,77792,77541.81,77660.56,117.76648
1788319800000,77660.56,77660.56,77525.21,77533.44,31.4911
1788320100000,77533.44,77652,77514,77652,30.82827
1788320400000,77652,77656.89,77520.02,77552,36.82986
1788320700000,77552,77640,77546,77640,47.60636
1788321000000,77640,77640,77548.66,77591.82,52.15828
1788321300000,77591.82,77601.11,77508.02,77563.5,34.64498
1788321600000,77563.5,77563.5,77490,77513.58,31.81551
1788321900000,77513.58,77513.59,77381.65,77381.65,42.76547
1788322200000,77381.66,77407.21,77359.99,77376.39,30.77752
1788322500000,77376.38,77404.06,77294.56,77404.05,25.44229
1788322800000,77404.06,77434,77374.77,77424.83,34.79762
1788323100000,77424.83,77446.64,77392,77431.27,25.70124
1788323400000,77431.27,77506.87,77431.27,77506.87,26.48037
1788323700000,77506.86,77540,77480,77540,16.71521
1788324000000,77540,77591.82,77512,77589.32,28.72539
1788324300000,77589.31,77612.84,77570.7,77584.62,20.45223
1788324600000,77584.63,77584.63,77550,77550,6.2732
1788324900000,77550,77568,77537.31,77561.82,9.98105
1788325200000,77561.82,77564.71,77466,77486.01,29.27818
1788325500000,77486.01,77495.59,77438,77479.98,14.00535
1788325800000,77479.97,77600.02,77477.15,77600.02,23.99304
1788326100000,77600.02,77733.46,77600.02,77656,50.9704
1788326400000,77656,77758,77653.88,77754.49,25.54591
1788326700000,77754.5,77761.93,77689.15,77744.78,21.38605
1788327000000,77744.78,77749.24,77676,77676.01,21.09698
1788327300000,77676,77708,77672.1,77684.76,14.45948
1788327600000,77684.76,77728.5,77679.11,77704.68,24.52285
1788327900000,77704.68,77756.51,77704.68,77756.51,15.04884
1788328200000,77756.51,77756.51,77700,77720,14.2217
1788328500000,77720,77725.74,77567.8,77651.07,87.29972
1788328800000,77651.08,77724,77651.08,77690.01,29.37944
1788329100000,77690.01,77708,77656.9,77694.51,24.45627
1788329400000,77694.51,77710.27,77576.51,77581.73,52.40407
1788329700000,77581.73,77646.68,77581.73,77592.04,21.67114
1788330000000,77592.05,77615.25,77572,77591.85,24.09859
1788330300000,77591.85,77666.9,77545.93,77545.93,26.88467
1788330600000,77545.94,77545.94,77462,77521.46,51.62319
1788330900000,77521.47,77551.77,77509.57,77538.94,29.0032
1788331200000,77538.94,77683.47,77538.93,77614,66.0826
1788331500000,77614.01,77620.01,77574.92,77597.06,32.82799
1788331800000,77597.07,77597.07,77517.56,77523.41,18.65807
1788332100000,77523.41,77611.54,77500,77611.54,19.96214
1788332400000,77611.53,77655.14,77607.64,77621.18,32.80113
1788332700000,77621.19,77646,77594,77646,25.27761
1788333000000,77646,77765.99,77645.99,77671,41.04641
1788333300000,77670.99,77671,77600.16,77630.88,29.34595
1788333600000,77630.88,77696.81,77626.27,77634,32.31246
1788333900000,77634.01,77634.01,77594,77598,20.72349
1788334200000,77598.01,77629.87,77560,77582.4,33.02522
1788334500000,77582.4,77601.76,77575.71,77600.93,45.15556
1788334800000,77600.93,77631.58,77560,77560.01,52.6309
1788335100000,77560,77599.76,77538,77565.87,60.30635
1788335400000,77565.87,77588,77511.96,77511.97,44.41122
1788335700000,77511.97,77528.05,77473.84,77473.85,98.8708
1788336000000,77473.86,77501.79,77390,77488,43.78939
1788336300000,77488,77546,77472.22,77515.99,46.79668
1788336600000,77515.99,77526,77381.65,77417.57,75.95168
1788336900000,77417.58,77475.14,77366,77366,24.95029
1788337200000,77366.01,77366.06,77286,77314.96,38.88396
1788337500000,77314.95,77334.32,77248.01,77248.01,46.87158
1788337800000,77248.02,77248.02,77094.18,77130.68,70.41649
1788338100000,77130.67,77158,77079.73,77110.36,45.11701
1788338400000,77110.37,77110.37,76945.35,76970.87,72.61396
1788338700000,76970.88,77046.93,76854.01,76856.27,83.22006
1788339000000,76856.27,76861.97,76746.81,76800.51,104.84277
1788339300000,76801.24,76882.73,76758,76854.11,51.66072
1788339600000,76854.11,77049.4,76852.88,76997.21,63.62726
1788339900000,76997.2,77045.43,76997.2,77036.1,43.78361
1788340200000,77036.11,77036.11,76945.12,76945.13,39.73471
1788340500000,76945.13,76968,76877.46,76894.39,46.7484
1788340800000,76894.4,76916,76600,76746,148.68727
1788341100000,76746,76892,76746,76891.96,58.83464
1788341400000,76891.96,76897.98,76633,76715.05,92.15761
1788341700000,76715.05,76715.06,76543.85,76589.54,118.43233
1788342000000,76589.54,76654,76517.24,76563.51,66.33842
1788342300000,76563.52,76715.05,76484.64,76674.16,237.8599
1788342600000,76674.16,76757.78,76674,76684,83.07139
1788342900000,76684.01,76760,76680,76752.26,36.77678
1788343200000,76752.26,76753.83,76605.19,76605.2,43.79859
1788343500000,76605.2,76655.38,76580,76607.47,65.39406
1788343800000,76607.47,76645.62,76569.56,76640.01,45.89281
1788344100000,76640,76693.81,76602.18,76693.8,28.06754
1788344400000,76693.81,76703.12,76646.67,76649.85,34.50557
1788344700000,76649.84,76663.61,76571.8,76571.8,62.41447
1788345000000,76571.8,76610,76480,76506.01,69.87127
1788345300000,76506.01,76589.54,76484.85,76484.85,37.21472
1788345600000,76484.85,76605.99,76478,76605.99,32.82555
1788345900000,76605.98,76605.98,76410.71,76448,128.55389
1788346200000,76448,76515.87,76264,76508.54,234.01449
1788346500000,76508.54,76695.4,76500,76680.88,142.34131
1788346800000,76680.88,76709.99,76560.01,76564.01,108.5519
1788347100000,76564.01,76715.83,76519.99,76695.57,50.92524
1788347400000,76695.57,76727.47,76602,76727.46,43.30527
1788347700000,76727.47,76758,76548,76548.01,40.02804
1788348000000,76548.01,76548.01,76410,76428.22,45.74099
1788348300000,76428.21,76502,76356,76502,47.29948
1788348600000,76502,76658,76488,76649.91,50.19534
1788348900000,76649.92,76738.98,76626,76713.33,43.30345
1788349200000,76713.32,76718.25,76618.01,76646.1,55.1543
1788349500000,76646.1,76650,76618.01,76620.01,30.8756
1788349800000,76620,76720.56,76600,76704.61,42.377
1788350100000,76704.61,76848.73,76704.61,76828.76,84.00254
1788350400000,76828.75,76834,76716.22,76723.31,71.2837
1788350700000,76723.31,76826.15,76677.76,76789.59,71.16366
1788351000000,76789.59,76841.9,76758.24,76827.99,33.09919
1788351300000,76827.99,76928,76772,76860.01,51.74859
1788351600000,76860,77049.4,76843.33,76982.1,63.14856
1788351900000,76982.11,77032.84,76982.1,76988.5,27.40858
1788352200000,76988.49,76991.83,76885.63,76912,39.54366
1788352500000,76912,76921.45,76800,76824.72,29.85503
1788352800000,76824.72,76850,76802,76822.56,41.75544
1788353100000,76822.55,76825.18,76748.79,76758.54,50.98413
1788353400000,76758.55,76763.06,76721.37,76733.14,30.56768
1788353700000,76733.13,76751.24,76611.67,76613.88,71.35627
1788354000000,76613.87,76805.61,76613.87,76791.76,52.12812
1788354300000,76791.76,76881.23,76744,76767.99,43.39256
1788354600000,76768,76816,76744.01,76744.02,29.24315
1788354900000,76744.01,76839.35,76744.01,76823.06,18.11752
1788355200000,76823.06,76830.47,76712,76778.04,36.36043
1788355500000,76778.04,76960.02,76748,76881.11,78.84694
1788355800000,76881.12,76881.12,76694,76774.28,73.87982
1788356100000,76774.28,76777.99,76625,76720,40.92631
1788356400000,76720,77400.56,76709.28,77381.65,196.02673
1788356700000,77381.66,77443.61,77102,77102,120.18733
1788357000000,77102.01,77288.08,77100,77122.72,48.9182
1788357300000,77122.71,77194,76996,77146,74.80516
1788357600000,77146,77204,77010.24,77088,62.11353
1788357900000,77088,77310.79,77068,77195.2,77.67673
1788358200000,77195.21,77346.84,77182.43,77346.83,46.66593
1788358500000,77346.83,77382.4,77239.46,77310.32,52.18776
1788358800000,77310.32,77490,77246,77261.57,70.416
1788359100000,77261.56,77364,77232.28,77336.51,27.37124
1788359400000,77336.52,77336.52,77110,77210,57.60407
1788359700000,77209.99,77216.16,77115.16,77189.99,21.02802
1788360000000,77190,77396.97,77174.96,77324.96,42.03723
1788360300000,77324.97,77334.2,77176.01,77223.99,27.57203
1788360600000,77224,77240,77091.08,77120.54,37.21908
1788360900000,77120.53,77212,77066.42,77066.42,33.50917
1788361200000,77066.42,77182,76862.88,77070.4,218.31808
1788361500000,77070.41,77147.7,76824,76852.19,50.65083
1788361800000,76852.19,76852.19,76748.01,76819.99,58.03124
1788362100000,76819.99,77142,76816.87,77130.31,57.59867
1788362400000,77130.3,77147.7,76950,77004.77,39.86564
1788362700000,77004.76,77122,76984.64,77039.92,48.20562
1788363000000,77039.91,77350,76994.01,77294,82.31079
1788363300000,77294,77338,77144,77144.01,52.66498
1788363600000,77144.01,77386,77117.65,77369.78,62.86859
1788363900000,77369.78,77372,77171.5,77185.06,64.89104
1788364200000,77185.07,77240,77140,77224.54,51.48306
1788364500000,77224.55,77296,77224.55,77288.98,38.04959
1788364800000,77288.97,77296,77210,77296,28.54565
1788365100000,77296,77329.17,77244,77303.38,31.18883
1788365400000,77303.37,77396,77264.43,77356.01,156.43612
1788365700000,77356.01,77500,77332.66,77482.77,191.46559
1788366000000,77482.78,77579.84,77438,77549.77,157.7828
1788366300000,77549.76,77582,77443.06,77464.02,256.33654
1788366600000,77464.03,77567.42,77464.03,77530.69,146.40951
1788366900000,77530.7,77530.7,77392,77409.62,65.57064
1788367200000,77409.63,77409.63,77264.28,77264.28,50.85679
1788367500000,77264.29,77330,77232.01,77292.38,40.36263
1788367800000,77292.38,77303.09,77254.82,77265.25,20.66374
1788368100000,77265.26,77286.27,77171.5,77171.5,34.3052
1788368400000,77171.51,77246,77138,77191.99,65.31942
1788368700000,77192,77206,77066.42,77108.91,46.31577
1788369000000,77108.92,77168,77084,77128.83,39.97157
1788369300000,77128.83,77162.12,77007.87,77035.99,33.9558
1788369600000,77035.99,77080.32,76950.56,77066.31,53.63063
1788369900000,77066.31,77104,77041.37,77100,20.22633
1788370200000,77099.99,77229.18,77083.76,77203.32,35.41671
1788370500000,77203.31,77212,77117.73,77144,39.94923
1788370800000,77143.99,77308.91,77143.99,77308.9,34.58078
1788371100000,77308.91,77406,77308.91,77384.97,49.60837
1788371400000,77384.98,77392.26,77345.35,77345.4,30.69093
1788371700000,77345.4,77387.66,77328.15,77381.66,15.35605
1788372000000,77381.65,77385,77326.05,77356.93,18.45682
1788372300000,77356.94,77428.94,77328.3,77428.93,17.78344
1788372600000,77428.93,77442.85,77360,77411.84,41.85609
1788372900000,77411.85,77524,77400.01,77454.76,63.16637
1788373200000,77454.76,77473.62,77382,77452.98,30.87504
1788373500000,77452.98,77481.15,77447.28,77447.28,39.95226
1788373800000,77447.28,77454.78,77395.99,77396,74.77075
1788374100000,77395.99,77423.76,77319,77319.01,26.87513
1788374400000,77319.01,77341.63,77298,77314,18.01892
1788374700000,77314.01,77413.8,77296.52,77400.4,16.06196
1788375000000,77400.4,77400.4,77314.01,77360.01,13.49864
1788375300000,77360.02,77381.66,77336.51,77377.76,13.67971
1788375600000,77377.76,77377.76,77334.58,77366.86,14.50211
1788375900000,77366.85,77397.92,77348.75,77388.69,8.93627
1788376200000,77388.69,77401.88,77328,77391.78,58.68656
1788376500000,77391.77,77416,77293.54,77308.49,15.24343
1788376800000,77308.49,77308.49,77240,77240.01,21.1968
1788377100000,77240,77257.73,77168.66,77168.66,25.46822
1788377400000,77168.66,77180,77124,77139.21,34.60961
1788377700000,77139.22,77184,77124.03,77184,16.83277
1788378000000,77184,77249.55,77183.99,77230.12,20.86761
1788378300000,77230.12,77252,77194,77219.78,14.44975
1788378600000,77219.77,77288,77185.35,77189.71,20.15868
1788378900000,77189.72,77354.08,77152,77341.47,38.46199
1788379200000,77341.48,77476.59,77320,77475.25,29.30465
1788379500000,77475.24,77520,77384,77387.88,39.50762
1788379800000,77387.89,77392,77287.02,77364.33,23.77041
1788380100000,77364.34,77364.34,77207.47,77267.73,30.09933
1788380400000,77267.72,77464.18,77267.72,77442.32,47.87877
1788380700000,77442.33,77442.33,77380,77382.36,18.49148
1788381000000,77382.35,77465.26,77378,77459.99,33.14089
1788381300000,77460,77481.41,77426,77435.76,34.57178
1788381600000,77435.76,77435.77,77320,77369.99,29.76164
1788381900000,77369.99,77425.02,77300,77372.8,33.89734
1788382200000,77372.81,77474.62,77362.3,77426.78,39.35178
1788382500000,77426.78,77449.27,77402.26,77406.01,22.35957
1788382800000,77406,77406.01,77320,77336,32.4573
1788383100000,77336,77357.99,77316,77316.01,31.04472
1788383400000,77316,77361.94,77316,77328,21.89019
1788383700000,77328.01,77332.76,77243,77262.06,17.57717
1788384000000,77262.06,77316.47,77262.06,77316.46,8.40741
1788384300000,77316.46,77316.47,77261.99,77283.48,7.62494
1788384600000,77283.49,77283.49,77242,77242,10.22585
1788384900000,77242.01,77377.27,77242,77377.26,19.58927
1788385200000,77377.26,77431.78,77350.38,77426.69,30.26022
1788385500000,77426.68,77426.69,77268.4,77276.57,89.43826
1788385800000,77276.57,77342,77276,77325.24,16.98248
1788386100000,77325.23,77347.12,77284,77284,5.5667
1788386400000,77284.01,77284.01,77180.38,77180.38,19.414
1788386700000,77180.38,77180.39,77120.19,77124.92,15.91938
1788387000000,77124.91,77181.28,77076,77158.8,31.1591
1788387300000,77158.8,77171.51,77090,77090.01,13.09281
1788387600000,77090,77090.01,77052.2,77065.27,9.2464
1788387900000,77065.28,77065.28,77023.11,77024.53,21.3418
1788388200000,77024.52,77108,77024.52,77088.61,17.74462
1788388500000,77088.62,77145.96,77072.21,77127.25,8.04187
1788388800000,77127.26,77157.58,77118,77124.28,10.62167
1788389100000,77124.29,77124.29,77064,77064.01,14.60863
1788389400000,77064.01,77081.89,77032.76,77040.93,20.97824
1788389700000,77040.94,77050,77034.02,77034.03,6.03176
1788390000000,77034.03,77148,77007.36,77148,22.6709
1788390300000,77148,77216,77146.57,77216,52.94998
1788390600000,77215.99,77221.82,77202.58,77221.82,6.33683
1788390900000,77221.82,77221.82,77150,77150.98,13.97869
1788391200000,77150.99,77188.43,77142,77166.09,17.635
1788391500000,77166.09,77202,77152.28,77195.08,4.48588
1788391800000,77195.09,77258,77146,77146.29,20.89296
1788392100000,77146.29,77146.29,77135.1,77135.1,2.92934
1788392400000,77135.11,77145.99,77112.28,77145.99,10.57148
1788392700000,77145.99,77222,77145.99,77222,7.35325
1788393000000,77222,77324.2,77222,77282.01,20.96
1788393300000,77282.01,77372.62,77282,77340.01,12.17092
1788393600000,77340.01,77394,77317.41,77350.01,38.0617
1788393900000,77350.01,77377.66,77180.7,77200,23.75672
1788394200000,77200,77254.12,77171.5,77171.51,16.78998
1788394500000,77171.5,77171.51,77108.87,77134.67,32.43223
1788394800000,77134.67,77135.09,77075,77118.96,27.54558
1788395100000,77118.95,77118.96,77035.87,77035.87,49.12795
1788395400000,77035.88,77065.64,77014.32,77016.89,34.30169
1788395700000,77016.9,77108,76980.01,77089.18,34.19589
1788396000000,77089.18,77134.37,77080.42,77109.48,16.89309
1788396300000,77109.48,77138,77083.02,77088.01,14.10453
1788396600000,77088,77117.99,77054.86,77090,10.98202
1788396900000,77090,77138,77032.83,77068.01,29.13389
1788397200000,77068,77146,76968,77113.87,40.1076
1788397500000,77113.87,77320,77113.87,77270.01,31.94124
1788397800000,77270.01,77428,77233.54,77417.64,82.93153
1788398100000,77417.63,77417.63,77302.4,77302.4,45.25802
1788398400000,77302.4,77442.86,77288.41,77384.9,36.36455
1788398700000,77384.9,77438,77352,77438,56.20487
1788399000000,77438,77522.62,77408.44,77516.85,62.90826
1788399300000,77516.86,77546.8,77324,77447.25,65.86159
1788399600000,77447.25,77486.74,77350.47,77350.47,41.4878
1788399900000,77350.47,77352.16,77322.01,77328.78,20.80747
1788400200000,77328.77,77468,77295.05,77392.96,36.86743
1788400500000,77392.96,77441.76,77356.69,77356.7,12.54609
1788400800000,77356.69,77363.56,77281.32,77288.21,26.10842
1788401100000,77288.22,77328.3,77238.89,77271.47,71.77571
1788401400000,77271.46,77488,77271.46,77488,27.93877
1788401700000,77487.99,77500,77442.44,77442.44,20.27169
1788402000000,77442.44,77560,77432.09,77522.23,42.9885
1788402300000,77522.01,77617.64,77484.01,77598.67,53.01247
1788402600000,77598.66,77890,77558,77883.76,107.21801
1788402900000,77883.76,77900,77700,77738.77,58.7973
1788403200000,77738.77,77848.98,77738.76,77772.25,34.15648
1788403500000,77772.25,77857.99,77734.85,77832.02,68.44107
1788403800000,77832.01,77873.08,77796,77860.32,38.53927
1788404100000,77860.32,77873.07,77802,77816.01,14.27235
1788404400000,77816.02,77829.51,77714,77714.01,51.89511
1788404700000,77714,77745.67,77708.77,77718,16.91126
1788405000000,77718,77860,77704.88,77834,57.4863
1788405300000,77834.01,77880,77718.91,77879.41,58.79461
1788405600000,77879.42,77879.42,77764.24,77764.25,41.32338
1788405900000,77764.25,77810.83,77750,77750,22.03248
1788406200000,77750.01,77776,77700.85,77704.72,43.22542
1788406500000,77704.73,77704.73,77648.97,77668.87,21.66524
1788406800000,77668.88,77680.25,77647.93,77670.53,25.21371
1788407100000,77670.54,77682,77642.09,77681.99,18.61879
1788407400000,77681.99,77741.99,77681.99,77741.98,17.93292
1788407700000,77741.99,77741.99,77708,77708,10.83413
1788408000000,77708.01,77765.52,77708,77746.34,19.09413
1788408300000,77746.33,77780.52,77734,77768.99,25.10498
1788408600000,77768.99,77833.1,77618.5,77644.27,107.9845
1788408900000,77644.26,77658,77558,77592.29,33.12988
1788409200000,77592.29,77631.58,77550,77631.58,21.36231
1788409500000,77631.58,77631.58,77560,77576.15,15.60005
1788409800000,77576.15,77623.66,77576.14,77602.21,16.40572
1788410100000,77602.22,77604.56,77591.61,77600.1,8.10868
1788410400000,77600.11,77600.11,77547.16,77557.55,13.8175
1788410700000,77557.56,77640,77557.55,77637.67,26.385
1788411000000,77637.67,77792.24,77637.67,77787.31,25.94062
1788411300000,77787.31,77787.31,77716,77776,23.22189
1788411600000,77775.99,77824,77754,77754.01,51.41993
1788411900000,77754,77754.42,77676.88,77693.95,34.52526
1788412200000,77693.96,77734,77608,77636.35,40.64232
1788412500000,77636.34,77648,77486.73,77495.32,54.47283
1788412800000,77495.33,77500.75,77203.94,77276.57,74.35328
1788413100000,77276.57,77276.58,77101.01,77200.01,73.56386
1788413400000,77200.01,77349.63,77172.11,77343.8,43.2805
1788413700000,77343.8,77469.55,77343.79,77440.33,31.40857
1788414000000,77440.33,77514,77410,77486.74,35.0403
1788414300000,77486.73,77526,77407.43,77509.58,35.41781
1788414600000,77509.57,77721.5,77509.57,77681.43,78.7126
1788414900000,77681.43,77829.8,77681.43,77809.91,64.6926
1788415200000,77809.91,77856.16,77728,77736.9,47.93662
1788415500000,77736.9,77793.2,77703.47,77727.09,46.83365
1788415800000,77727.09,77756,77698.75,77709.85,27.76156
1788416100000,77709.85,77790,77706.27,77774.82,40.86166
1788416400000,77774.83,77777.7,77743.47,77748,15.36734
1788416700000,77748,77775.56,77734,77748.46,56.86475
1788417000000,77748.46,77799.99,77724,77799.99,45.92221
1788417300000,77799.98,77799.98,77766,77774.47,25.1105
1788417600000,77774.47,77828.67,77756.5,77828.67,22.8162
1788417900000,77828.66,77836.4,77786.77,77833.99,33.15116
1788418200000,77834,77852,77770.4,77782.37,24.98415
1788418500000,77782.36,77835.2,77782.36,77835.19,20.52151
1788418800000,77835.2,78145,77812,78140.02,178.61757
1788419100000,78140.02,78183.91,78006.01,78006.02,86.01049
1788419400000,78006.02,78124,77980.5,78061.84,43.02371
1788419700000,78061.83,78061.84,77935.34,77968.5,46.13003
1788420000000,77968.49,78022.12,77924.99,77959.04,39.96446
1788420300000,77959.04,77982,77887.13,77954.01,26.43867
1788420600000,77954.02,77954.02,77862.05,77921.03,40.28694
1788420900000,77921.04,77978,77900,77978,27.44216
1788421200000,77978,78070,77900,77900,74.72444
1788421500000,77900.01,77938.9,77746.81,77746.81,40.95978
1788421800000,77746.82,77746.82,77664,77680.57,34.72423
1788422100000,77680.57,77683.63,77600,77663.15,57.89718
1788422400000,77663.14,77926,77663.14,77854.19,46.0807
1788422700000,77854.2,78066,77854.2,77930.58,48.28397
1788423000000,77930.58,78004,77878,77928,55.72874
1788423300000,77928,77938.34,77879.11,77935.84,15.58872
1788423600000,77935.84,77958,77826.18,77873.99,17.93376
1788423900000,77874,77979.14,77838.15,77979.13,27.43092
1788424200000,77979.14,77993.46,77943.31,77947.61,31.65143
1788424500000,77947.62,77976.5,77929.64,77929.65,17.47723
1788424800000,77929.65,77952.48,77872.33,77882.78,22.48742
1788425100000,77882.77,77910.93,77784.33,77806.22,38.22167
1788425400000,77806.22,77830.25,77766,77828.9,26.25123
1788425700000,77828.91,77862,77823.37,77843.34,16.09333
1788426000000,77843.34,77843.34,77810.79,77829.56,7.97034
1788426300000,77829.55,77895.48,77807.99,77890.03,38.106
1788426600000,77890.02,77975.46,77853.29,77874.35,39.01084
1788426900000,77874.36,77913.76,77841.47,77841.47,17.76594
1788427200000,77841.47,77876,77818,77831.27,24.66183
1788427500000,77831.27,77836.02,77742.66,77742.67,18.35331
1788427800000,77742.66,77769.18,77734,77748.2,23.94096
1788428100000,77748.2,77779.89,77723.41,77723.42,25.22189
1788428400000,77723.42,77740,77660.63,77724.36,46.52037
1788428700000,77724.36,77783.57,77625.41,77641.37,25.92661
1788429000000,77637.25,77684,77624.11,77649.99,27.53244
1788429300000,77650,77670.01,77608,77615.24,45.99804
1788429600000,77615.25,77651.49,77580.88,77651.49,65.83699
1788429900000,77651.49,77680.8,77591.81,77658.81,40.29356
1788430200000,77658.8,77664,77540,77562.89,19.35151
1788430500000,77562.9,77621.84,77528.73,77621.84,24.73016
1788430800000,77621.84,77708,77621.83,77650.01,19.07024
1788431100000,77650,77660,77609.53,77630.96,29.71713
1788431400000,77630.97,77650.59,77500,77506.61,40.05413
1788431700000,77506.61,77547.03,77500,77547.03,33.26974
1788432000000,77547.03,77547.03,77478,77508.66,39.69788
1788432300000,77508.65,77594,77502.33,77578.67,34.49415
1788432600000,77578.67,77773.26,77578.67,77715.01,32.27023
1788432900000,77715.01,77770,77702,77735.88,27.60688
1788433200000,77735.88,77790,77709.52,77752,25.2961
1788433500000,77752,77822.89,77734.18,77812.92,38.27764
1788433800000,77812.92,77822.89,77756,77822.89,16.11704
1788434100000,77822.89,77945.67,77822.88,77925.48,51.50358
1788434400000,77925.49,77934,77848,77907.06,25.0679
1788434700000,77907.06,77959.03,77903.35,77927.21,20.92863
1788435000000,77927.21,77976,77838.01,77936.99,64.72434
1788435300000,77936.98,77950,77878.01,77947.32,26.74487
1788435600000,77947.33,77982,77926,77929.91,28.35615
1788435900000,77929.91,78004.94,77884,77895.15,47.19217
1788436200000,77895.15,77941.68,77895.14,77901.97,23.37823
1788436500000,77901.97,77983.85,77901.7,77948.39,29.18235
1788436800000,77948.39,77948.4,77900,77940,35.28775
1788437100000,77939.99,77958,77896.07,77958,29.85935
1788437400000,77957.99,78100,77951.53,78085,74.50064
1788437700000,78085.01,78142.01,77948.96,78002.67,48.43025
1788438000000,78002.67,78012,77948.96,77989.24,29.13263
1788438300000,77989.23,77991.23,77954,77970.09,14.99847
1788438600000,77970.09,78446.54,77970.09,78292,240.26038
1788438900000,78292,78400,78200,78353.99,64.64725
1788439200000,78354,78408,78267.82,78308,53.88219
1788439500000,78307.99,78390.36,78239.77,78360.66,62.67986
1788439800000,78360.66,78597.03,78352.13,78551,162.95125
1788440100000,78551,78782.75,78546,78652.38,163.3122
1788440400000,78652.37,78712,78546.3,78608.01,91.25214
1788440700000,78608.01,78618.49,78516,78532.81,85.63409
1788441000000,78532.8,78596,78518.81,78548.6,42.68348
1788441300000,78548.61,78562.52,78471.25,78489.39,44.98857
1788441600000,78489.38,78600,78450.25,78589.95,32.21381
1788441900000,78589.95,78589.95,78482.82,78494.83,54.49076
1788442200000,78494.84,78696,78458.36,78619.92,114.04117
1788442500000,78619.93,78860,78516,78848.33,151.86835
1788442800000,78848.33,78926,78760.01,78896.01,131.81578
1788443100000,78896.01,79000,78801.24,78830.31,163.72904
1788443400000,78830.31,78968.72,78776.64,78781.77,83.17113
1788443700000,78781.77,78862,78729.78,78840.52,56.85545
1788444000000,78840.52,78920,78704,78900.72,105.48242
1788444300000,78901.93,78951.9,78853.98,78879.75,68.28299
1788444600000,78879.75,79000,78806,78990,94.88788
1788444900000,78990,79136,78988.66,79016.58,243.76633
1788445200000,79016.59,79384.3,79016.58,79376,183.44876
1788445500000,79376,79678.77,79370.94,79664.01,272.3766
1788445800000,79664,79872.98,79605.73,79760.05,219.04922
1788446100000,79760.06,79859.4,79663.21,79665.27,178.07108
1788446400000,79665.27,79875,79599.99,79764.72,155.01662
1788446700000,79764.71,80500,79760.45,80360,501.17608
1788447000000,80360,80468.37,80094.32,80255.39,219.46994
1788447300000,80255.39,80561,80130.97,80549.97,272.48028
1788447600000,80549.97,80966.63,80494,80812.96,461.50086
1788447900000,80812.96,80882.4,80548.78,80586.96,757.38744
1788448200000,80586.96,80637.26,80354.65,80557.84,293.37205
1788448500000,80557.83,80666,80465.54,80605.86,177.64901
1788448800000,80605.87,80778,80540,80748,216.18188
1788449100000,80748.01,80782.53,80632.48,80743.75,80.30084
1788449400000,80743.76,80882.01,80690,80866.11,128.15249
1788449700000,80866.1,80968,80762,80967.99,108.379
1788450000000,80968,81000,80861.2,80861.2,186.70307
1788450300000,80861.2,80895.73,80731.18,80783.55,91.79538
1788450600000,80783.55,81286,80778.52,81270.64,359.94659
1788450900000,81270.63,81370.33,81145.05,81348,194.81673
1788451200000,81348,81360,80782.69,80832.88,229.61398
1788451500000,80832.88,81066,80784.01,80982.19,137.08209
1788451800000,80982.19,81050,80902.83,80944.5,138.53025
1788452100000,80944.5,80952.49,80707.53,80709.4,103.07688
1788452400000,80709.4,80866,80699.8,80741.38,89.64491
1788452700000,80741.38,80766,80613.52,80765.96,109.28477
1788453000000,80765.96,80940,80765.61,80939.99,105.96255
1788453300000,80939.99,80942.4,80784.84,80840.66,57.20676
1788453600000,80840.66,80879.86,80770,80801.01,51.53792
1788453900000,80801.01,81027.66,80777.03,80996.06,115.34573
1788454200000,80996.06,81035.99,80896.67,80971.1,57.34727
1788454500000,80971.11,81009.77,80916.41,80969.37,45.15264
1788454800000,80969.37,80980,80898.14,80979.99,47.67507
1788455100000,80979.99,81024,80886,81005.84,81.62421
1788455400000,81005.85,81112.06,80969.83,81109.5,133.42413
1788455700000,81109.5,81145.88,81031.62,81050.01,144.05347
1788456000000,81050,81082.1,80932,81000,90.27136
1788456300000,81000,81068,80966,80997.23,63.00321
1788456600000,80997.24,81123.99,80997.23,81115.83,62.20378
1788456900000,81115.82,81158.13,81066,81150,56.79582
1788457200000,81149.99,81165,81078.37,81078.58,39.2484
1788457500000,81078.58,81188.17,81041.04,81151.1,60.29997
1788457800000,81151.09,81151.1,81017.94,81017.95,71.81149
1788458100000,81017.94,81063.86,81006,81042,25.08443
1788458400000,81042,81234.62,81019.57,81170.26,57.56428
1788458700000,81170.27,81333.33,81150,81320.84,70.55802
1788459000000,81320.85,81320.85,81167.47,81259.55,95.7532
1788459300000,81259.55,81281.07,81137.14,81137.19,35.55762
1788459600000,81137.2,81162.39,81019.24,81084.1,47.20972
1788459900000,81084.1,81084.1,80948,80948,42.97022
1788460200000,80948.01,80987.45,80904,80950,59.25223
1788460500000,80950,81024,80950,81014.81,35.84282
1788460800000,81014.8,81046,80956,80979.49,32.10979
1788461100000,80979.5,81042,80963.24,81042,37.42057
1788461400000,81041.99,81190.87,81037.69,81172.64,43.4564
1788461700000,81172.64,81263.63,81172.64,81254.32,37.92895
1788462000000,81254.31,81432.99,81216.99,81431.4,77.26386
1788462300000,81431.41,81640,81171.98,81271.99,233.81245
1788462600000,81272,81300,81184,81199.99,41.44459
1788462900000,81200,81370.28,81177.69,81370.28,42.66783
1788463200000,81370.28,81606.96,81370.27,81525.95,71.65758
1788463500000,81525.95,81561.55,81396,81546.71,50.4218
1788463800000,81546.71,81558.28,81377.69,81420.57,57.54979
1788464100000,81420.57,81516.01,81390,81516.01,47.54002
1788464400000,81516.01,81613.57,81496.46,81540,79.95905
1788464700000,81540,81628,81460.92,81462.25,108.18239
1788465000000,81462.25,81750,81462.25,81691.86,159.15471
1788465300000,81691.86,81790,81667.73,81755.41,133.31216
1788465600000,81755.41,81780,81401.99,81614.52,96.62669
1788465900000,81614.52,81711.34,81528.82,81646.55,53.01538
1788466200000,81646.56,81646.56,81411.14,81412.3,41.89341
1788466500000,81412.3,81540.92,81402.37,81466.78,41.45958
1788466800000,81466.78,81486,81392.74,81415.37,35.92421
1788467100000,81415.37,81595.95,81394.52,81535.58,43.93397
1788467400000,81535.57,81578,81456.5,81459.05,29.77671
1788467700000,81459.04,81632,81407.81,81578.01,46.94131
1788468000000,81578,81578,81468.9,81470.01,22.9748
1788468300000,81470.01,81564.17,81429.06,81525.36,47.61633
1788468600000,81525.37,81576.02,81434.45,81441.75,29.41655
1788468900000,81441.74,81496,81416.01,81473,111.95678
1788469200000,81473,81487.12,81351.2,81377.39,34.30775
1788469500000,81377.4,81399.39,81288,81384.63,44.27918
1788469800000,81384.63,81620.67,81384.62,81598.01,107.64615
1788470100000,81598.01,81668,81506.55,81565.48,61.77929
1788470400000,81565.47,81636.27,81510.53,81536.08,40.0409
1788470700000,81536.08,81777.75,81516.95,81762,74.31124
1788471000000,81762,82300,81761.99,82087.18,582.51961
1788471300000,82087.17,82087.18,81646.55,81669.88,124.8999
1788471600000,81669.94,81684,81522.54,81522.54,63.1389
1788471900000,81522.54,81673.21,81416,81673.2,82.65664
1788472200000,81673.2,81748,81624.01,81740.63,43.99047
1788472500000,81740.62,81740.62,81582.01,81590,33.00118
1788472800000,81590,81604.65,81381.48,81554.09,52.70355
1788473100000,81554.09,81589.3,81422.02,81441.7,45.90405
1788473400000,81441.69,81441.69,81260.99,81378.35,86.34748
1788473700000,81378.35,81399.39,81300,81300,37.7335
1788474000000,81300,81363.39,81256,81286,69.00844
1788474300000,81286,81286,81124.51,81131.82,52.04282
1788474600000,81131.81,81187.49,80905.05,81025.19,133.52144
1788474900000,81025.19,81198.87,81013.02,81117.17,56.18592
1788475200000,81117.17,81239.6,81117.17,81194.93,60.06673
1788475500000,81194.94,81272,81162,81162,28.37449
1788475800000,81162.01,81206,81064.04,81136.19,45.69615
1788476100000,81136.2,81198,81105.64,81140,44.98748
1788476400000,81140,81184.8,81112,81184.8,44.35055
1788476700000,81184.79,81213.01,81172.22,81178.93,27.11079
1788477000000,81178.92,81210,81078,81172.02,42.99609
1788477300000,81172.01,81266,81164,81219.48,47.75733
1788477600000,81219.48,81231.81,81184.23,81184.23,35.63258
1788477900000,81184.24,81282,81160,81281.99,25.74895
1788478200000,81281.99,81292,81126,81187.22,27.93233
1788478500000,81187.21,81320.19,81176.52,81315.37,32.96109
1788478800000,81315.36,81338,81209.84,81234,38.8038
1788479100000,81234.01,81253.94,81181.95,81230.17,18.19523
1788479400000,81230.17,81328.76,81230.17,81295.64,39.66111
1788479700000,81295.63,81295.64,81239.79,81270.37,26.84248
1788480000000,81270.37,81270.38,81105.16,81166,49.85033
1788480300000,81165.99,81221.71,81084,81219.51,62.73681
1788480600000,81219.51,81252,81158.34,81244,27.90282
1788480900000,81244,81349.1,81154.02,81192,66.78762
1788481200000,81191.99,81307.64,81173.34,81260.14,37.13178
1788481500000,81260.14,81260.15,81148.01,81148.01,30.6073
1788481800000,81148,81300,81143.16,81299.99,48.49065
1788482100000,81299.99,81390.26,81299.99,81390.26,30.61551
1788482400000,81390.26,81427.75,81126,81224,102.38694
1788482700000,81224,81240,81086.82,81138.06,45.36434
1788483000000,81138.06,81143.53,81004,81033.85,92.71707
1788483300000,81033.85,81050,80960,80972.12,48.61015
1788483600000,80972.11,81072.26,80938,80938,66.42228
1788483900000,80938.01,81097.92,80906.43,81042.37,43.63966
1788484200000,81042.37,81075.99,80926,80944.19,25.68271
1788484500000,80944.19,81022,80916.03,80916.03,47.10769
1788484800000,80916.04,80992,80787.12,80797.6,64.16982
1788485100000,80797.59,80900,80786.44,80827.07,44.46062
1788485400000,80827.08,80931.4,80793.92,80808.62,58.32275
1788485700000,80808.63,80912,80794.33,80838.29,32.47483
1788486000000,80838.29,80844.09,80759.52,80785,45.59122
1788486300000,80785.01,80900,80774.39,80869.44,30.57262
1788486600000,80869.44,80990,80868.66,80975.7,19.61312
1788486900000,80975.7,81031.63,80951.99,80968.01,27.50863
1788487200000,80968.01,80968.01,80818.79,80827.79,28.18251
1788487500000,80827.8,80875.75,80782.71,80799.04,30.66686
1788487800000,80799.05,80829.89,80777.98,80799.5,39.0657
1788488100000,80799.51,80871.16,80741.69,80753.8,94.87329
1788488400000,80753.79,80758.44,80690,80690,33.85146
1788488700000,80690,80725.99,80685,80716.65,35.66128
1788489000000,80716.64,80809.1,80716.64,80768.14,43.9426
1788489300000,80768.14,80846.25,80686,80846.25,21.35825
1788489600000,80846.25,80846.25,80744,80744.01,20.71527
1788489900000,80744.01,80744.01,80669.45,80669.8,28.18183
1788490200000,80669.81,80764,80669.81,80763.99,38.77956
1788490500000,80763.99,80831.99,80763.99,80831.99,18.49643
1788490800000,80832,80948,80831.99,80887.45,48.22901
1788491100000,80887.45,81021.8,80884,80967.77,66.96447
1788491400000,80967.77,80967.77,80888,80931.78,42.60219
1788491700000,80931.78,80947.99,80894.75,80910.58,36.77048
1788492000000,80910.57,80943.5,80900.01,80925.49,58.85903
1788492300000,80925.5,80925.5,80842,80842.01,35.9602
1788492600000,80842,80873.34,80822.64,80822.65,43.99695
1788492900000,80822.64,80887.18,80806,80840,45.3178
1788493200000,80839.99,80875.2,80816.52,80873.69,29.83471
1788493500000,80873.7,80969.84,80856.32,80932.58,49.03111
1788493800000,80932.57,80945.42,80901.58,80932.89,31.86031
1788494100000,80932.88,80932.89,80850,80850,34.39078
1788494400000,80850.01,80855.2,80820,80855.19,36.48934
1788494700000,80855.19,80882.42,80855.19,80866.09,26.05682
1788495000000,80866.09,80973.99,80858.14,80973.99,37.67067
1788495300000,80973.99,81090.45,80962.12,81087.72,50.48381
1788495600000,81087.71,81207.98,81087.71,81207.98,44.09375
1788495900000,81208,81288,81160,81267.64,93.29179
1788496200000,81267.65,81275.58,81171.18,81182.02,105.02615
1788496500000,81182.02,81186.58,81035.31,81050.94,41.1613
1788496800000,81050.94,81106,81019,81039.29,48.25277
1788497100000,81039.3,81121.88,81028.31,81054.01,31.28542
1788497400000,81054,81106.07,81042.06,81070.61,34.80253
1788497700000,81070.6,81142,81057.13,81070.54,53.85046
1788498000000,81070.54,81070.54,80974.45,81012.72,53.39915
1788498300000,81012.72,81079.69,80990,81061.51,49.95578
1788498600000,81061.51,81070,80980,80980.01,38.54701
1788498900000,80980.01,81143.3,80951,81104.8,64.54055
1788499200000,81104.8,81126,81034.01,81126,45.90685
1788499500000,81125.99,81142,81024.32,81024.32,52.15054
1788499800000,81024.16,81024.16,80905.05,80998,53.28886
1788500100000,80997.99,81018.74,80920.47,80920.47,60.2331
1788500400000,80920.48,80986,80920.48,80985.99,33.85053
1788500700000,80986,81060,80898,80898.01,72.26237
1788501000000,80898,80903.44,80863.03,80863.14,36.00397
1788501300000,80863.14,81034,80863.14,80996.15,33.59373
1788501600000,80996.15,80996.15,80910,80949.82,43.28653
1788501900000,80949.82,81022.25,80929.35,81022.25,27.6309
1788502200000,81023.6,81090,81018.27,81018.28,31.23663
1788502500000,81018.27,81036,80964,80985.99,41.37695
1788502800000,80985.99,80986,80848,80848.01,24.13747
1788503100000,80848.01,80848.01,80700,80725.38,40.84775
1788503400000,80725.37,80771.86,80702,80702.01,26.21295
1788503700000,80702,80758,80573.21,80745.86,79.90644
1788504000000,80745.86,80856.36,80745.86,80847.84,33.22717
1788504300000,80847.84,80859.05,80756.16,80765.19,20.67411
1788504600000,80765.18,80778,80700.02,80778,48.2155
1788504900000,80778,80800,80750,80797.39,18.86285
1788505200000,80797.4,80893.09,80789.61,80893.09,37.7033
1788505500000,80893.09,80928.98,80866,80920.95,40.82641
1788505800000,80920.95,80966.75,80909.46,80938.02,52.29546
1788506100000,80938.01,80938.01,80856,80930.11,31.21459
1788506400000,80930.12,80964.76,80847.07,80851.25,25.56029
1788506700000,80851.25,80903.41,80846,80862.05,27.75834
1788507000000,80862.05,80905.06,80836,80849.44,67.84324
1788507300000,80849.45,80849.45,80744,80777.99,74.77896
1788507600000,80778,80800,80756.44,80769.91,85.49268
1788507900000,80769.92,80785.36,80720.48,80740,78.12064
1788508200000,80740,80751.58,80690.35,80690.35,87.22739
1788508500000,80690.34,80711.17,80641.65,80656.87,97.01352
1788508800000,80656.86,80701.56,80632,80632.02,43.08899
1788509100000,80632.02,80728,80502.87,80712.89,83.36761
1788509400000,80712.88,80773.97,80704,80773.96,43.15717
1788509700000,80773.96,80872,80773.96,80872,33.87607
1788510000000,80872,80920,80856.61,80920,20.73936
1788510300000,80919.99,80997.36,80919.99,80982.57,41.10596
1788510600000,80982.57,81150,80974,81108.01,101.20115
1788510900000,81108.02,81154.4,81056.01,81099.88,89.66293
1788511200000,81099.88,81152,81036,81048.29,55.89279
1788511500000,81048.29,81217,81000,81116.4,117.61291
1788511800000,81116.4,81237,81100,81215.31,74.10159
1788512100000,81215.31,81215.32,81120,81147.16,50.23901
1788512400000,81147.16,81230,81126.54,81168.74,75.2117
1788512700000,81168.73,81194,81100.87,81123.99,48.19521
1788513000000,81124,81169.7,81081.94,81091.16,48.18616
1788513300000,81091.16,81310,81091.15,81182.05,104.06654
1788513600000,81182.05,81196.78,80952.78,80978.01,71.84863
1788513900000,80978,81051.66,80934.24,81037.65,111.70069
1788514200000,81037.66,81144,80984,81082.01,69.23473
1788514500000,81082.01,81216,81031.62,81167.84,72.38509
1788514800000,81167.84,81224.76,81143.09,81169.09,48.57679
1788515100000,81169.09,81223.97,81074.67,81105.9,156.85104
1788515400000,81105.9,81128,81031.96,81113.47,98.43991
1788515700000,81113.47,81187.51,81035.46,81056.63,64.17696
1788516000000,81056.63,81124,80976,81113.99,43.59902
1788516300000,81113.99,81114,80918.82,80926.46,41.87525
1788516600000,80926.45,81010,80887.28,80963.99,57.38558
1788516900000,80964,80976,80836.56,80851.78,29.97352
1788517200000,80851.78,80897.01,80831.14,80861.4,35.62493
1788517500000,80861.41,80968.82,80846.24,80961.18,36.20559
1788517800000,80961.18,81064.91,80906.26,80964.01,58.85304
1788518100000,80964,81093.37,80964,81091.75,48.10623
1788518400000,81091.74,81116.9,81032,81069.83,41.86006
1788518700000,81069.84,81110.68,81046.54,81080.7,24.14981
1788519000000,81080.69,81108,81028,81108,28.26798
1788519300000,81107.99,81194,81107.99,81179.63,37.49538
1788519600000,81179.64,81187.59,81080.01,81109.39,46.41686
1788519900000,81109.4,81185,81109.39,81172.83,43.0895
1788520200000,81172.82,81229.3,81134,81187.15,30.84216
1788520500000,81187.14,81227.52,81134,81178,46.64111
1788520800000,81177.99,81292,81177.99,81276.25,40.58138
1788521100000,81276.25,81423.03,81263.39,81336.21,60.36274
1788521400000,81336.2,81336.2,81248.31,81248.31,42.90279
1788521700000,81248.32,81324,81248.31,81291.58,28.13532
1788522000000,81291.57,81291.58,81200,81247.99,28.98559
1788522300000,81247.99,81283.07,81208,81267.35,40.14464
1788522600000,81267.35,81351.56,81250,81277.99,61.27787
1788522900000,81278,81321.73,81208,81224.86,43.0674
1788523200000,81224.86,81262,81155.31,81204,92.67997
1788523500000,81203.99,81273.99,81138,81222.17,63.54018
1788523800000,81222.17,81259.84,81138,81250.38,37.96575
1788524100000,81250.38,81250.39,81130,81169.99,45.35953
1788524400000,81170,81223.84,81136,81216.99,27.92073
1788524700000,81216.99,81350,81200.54,81340,55.59603
1788525000000,81340,81340,79661.01,79842.31,1644.80372
1788525300000,79842.3,79980.82,79414,79950.01,513.00039
1788525600000,79950,80112.11,79681.81,79686,344.97839
1788525900000,79686,79690.78,79177.77,79450.56,452.5234
1788526200000,79450.56,79654,79340,79615.62,260.48511
1788526500000,79615.62,79615.63,79321,79453.96,152.34349
1788526800000,79453.95,79583.97,79381.28,79418.71,163.92344
1788527100000,79418.71,79458.81,79189,79293.59,201.18315
1788527400000,79293.59,79348,79207,79233.99,134.60265
1788527700000,79233.99,79411.75,79205.9,79351.34,137.52826
1788528000000,79351.34,79452,79333.48,79414.23,88.95883
1788528300000,79414.23,79492.84,79270.49,79312,126.80044
1788528600000,79312,79545.15,79200,79264,174.61015
1788528900000,79264,79426,79000,79349.99,332.7229
1788529200000,79349.99,79442.63,79271.34,79401.99,165.22488
1788529500000,79401.99,79704,79332.01,79663.77,158.137
1788529800000,79663.78,79667.28,79237.54,79287.36,138.98982
1788530100000,79287.35,79515.31,79287.35,79378.67,105.16032
1788530400000,79378.66,79572,79352,79480.42,110.19216
1788530700000,79480.41,79536.98,79250,79281.35,159.28127
1788531000000,79281.34,79474.03,79250,79414.01,112.80393
1788531300000,79414,79508.95,79175,79175,91.78863
1788531600000,79175,79355.69,79080.55,79322,186.82694
1788531900000,79322,79418,79308,79378.58,108.53702
1788532200000,79378.59,79420,79314.88,79399.99,82.90254
1788532500000,79399.99,79470,79250.37,79325.65,105.38587
1788532800000,79325.65,79325.65,78868.58,79036.05,218.42324
1788533100000,79036.05,79144,78678.78,78697.67,278.28102
1788533400000,78697.67,78925.35,78660,78814.2,227.95109
1788533700000,78814.21,79000,78814.21,78915.71,134.35978
1788534000000,78915.71,79020,78800,79000.28,104.83544
1788534300000,79000.29,79199,78958,79198.84,97.64534
1788534600000,79198.84,79198.85,79093.8,79198.84,96.03188
1788534900000,79198.84,79291.92,79172,79254.22,62.2167
1788535200000,79254.22,79304,79226.05,79304,76.55969
1788535500000,79304,79436.3,79303.99,79413.03,109.82943
1788535800000,79413.03,79444.25,79361.18,79364,68.30473
1788536100000,79364,79538.52,79364,79534.69,90.70686
1788536400000,79534.69,79543.47,79501.56,79520.97,60.0129
1788536700000,79520.96,79555.32,79388.97,79391.13,83.14679
1788537000000,79391.13,79501.02,79391.13,79430.81,39.09237
1788537300000,79430.81,79492,79404,79429.33,54.39768
1788537600000,79429.33,79472,79378.19,79416,63.48868
1788537900000,79416.01,79530.43,79410.27,79458.01,53.66852
1788538200000,79458.01,79516.21,79454,79454,44.0235
1788538500000,79454,79510.37,79440,79472,53.84679
1788538800000,79472,79522,79464.37,79518.7,70.59906
1788539100000,79518.7,79586.09,79493.39,79549.34,129.69474
1788539400000,79549.35,79814.84,79543.3,79760.49,161.80146
1788539700000,79760.49,79819.64,79687.27,79699.84,106.29471
1788540000000,79699.84,79862.46,79699.84,79852.96,81.396
1788540300000,79852.96,79852.96,79748,79792.38,78.79443
1788540600000,79792.39,79877.07,79730.47,79742.17,128.35484
1788540900000,79742.16,79814.52,79740.38,79745.73,87.87231
1788541200000,79745.72,79752.92,79652,79687.6,51.01208
1788541500000,79687.6,79722,79673.21,79692.01,37.71157
1788541800000,79692,79704,79616,79616,60.14073
1788542100000,79616.01,79631.58,79512.54,79596.01,27.8641
1788542400000,79596.01,79648.98,79570,79591.85,30.74574
1788542700000,79591.86,79597.52,79511.58,79511.59,21.20298
1788543000000,79511.59,79568,79503.15,79506.83,26.62864
1788543300000,79506.82,79582,79461.55,79573.19,33.7408
1788543600000,79573.19,79573.19,79439.21,79479.45,31.7854
1788543900000,79479.46,79513.15,79440,79486,20.03727
1788544200000,79486.01,79486.01,79383,79466,33.28021
1788544500000,79465.99,79518,79454.67,79472.22,18.3654
1788544800000,79472.22,79575,79472.22,79555.38,32.4046
1788545100000,79555.38,79592,79528.01,79592,23.04521
1788545400000,79591.99,79591.99,79513.39,79527.54,28.46186
1788545700000,79527.55,79578,79527.54,79575.5,22.26225
1788546000000,79575.51,79614,79562.24,79573.2,23.07769
1788546300000,79573.2,79581.62,79533.56,79534.55,17.13133
1788546600000,79534.56,79629.29,79534.56,79629.29,19.91226
1788546900000,79629.28,79629.29,79538,79573.67,28.18589
1788547200000,79573.67,79650,79573.66,79638.01,19.56678
1788547500000,79638,79638.01,79604.28,79604.29,16.18394
1788547800000,79604.28,79632,79594.9,79630.39,10.10277
1788548100000,79630.4,79655.86,79597.47,79618.15,23.00658
1788548400000,79618.15,79723.91,79618.14,79717.57,28.16222
1788548700000,79717.58,79728,79704,79724.66,19.28937
1788549000000,79724.67,79724.67,79672.32,79706,17.72265
1788549300000,79705.99,79789.25,79691.65,79789.24,77.52751
1788549600000,79789.25,79804.39,79776,79804.38,27.74649
1788549900000,79804.38,79819.99,79790.58,79808.23,28.59655
1788550200000,79808.23,79808.23,79704,79756.27,34.67653
1788550500000,79756.27,79756.27,79640,79652.72,31.70778
1788550800000,79652.72,79690,79636.95,79682.72,15.66796
1788551100000,79682.73,79739.74,79660.46,79739.74,35.97383
1788551400000,79739.74,79739.74,79642,79685.99,31.36737
1788551700000,79685.99,79810,79685.99,79793.34,43.53413
1788552000000,79793.35,79850,79768.28,79833.64,41.77495
1788552300000,79833.63,79833.63,79770,79815.1,23.86164
1788552600000,79815.09,79862.15,79794.62,79815.59,25.16614
1788552900000,79815.59,79837.98,79802,79827.53,16.95526
1788553200000,79827.52,79835.97,79747.76,79747.77,16.03043
1788553500000,79747.77,79768.15,79747.76,79759.46,8.18569
1788553800000,79759.46,79773.58,79728,79737.5,8.10197
1788554100000,79737.5,79777.53,79724,79735.94,25.36413
1788554400000,79735.94,79739.79,79700,79724.01,20.50472
1788554700000,79724.02,79769.25,79706,79751.22,13.31068
1788555000000,79751.22,79751.22,79667.99,79727.99,20.85937
1788555300000,79728,79728.3,79686,79697.04,32.05696
1788555600000,79697.03,79740,79697.03,79740,16.92948
1788555900000,79740,79778.92,79739.99,79769.64,22.27056
1788556200000,79769.64,79789.98,79769.59,79769.59,12.21836
1788556500000,79769.6,79804,79769.59,79803.99,5.93759
1788556800000,79803.99,79811.98,79774.52,79775.3,21.32188
1788557100000,79775.29,79782,79736.01,79772.57,38.48959
1788557400000,79772.56,79801.82,79771.03,79784.62,18.45521
1788557700000,79784.62,79807.67,79784.61,79787.52,20.09616
1788558000000,79787.52,79819.3,79746.74,79762.26,255.29383
1788558300000,79762.27,79800,79713.77,79718.29,36.45051
1788558600000,79718.3,79743.86,79512,79632.31,150.36445
1788558900000,79632.32,79656.24,79558.18,79624,47.71416
1788559200000,79624,79682.81,79624,79661.88,23.62972
1788559500000,79661.89,79661.89,79635.11,79652.56,17.10607
1788559800000,79652.57,79692.56,79624,79692.56,87.10555
1788560100000,79692.56,79713.88,79657.77,79700.01,21.94483
1788560400000,79700.01,79709.78,79671.74,79673.48,17.77717
1788560700000,79673.48,79706,79604,79706,143.70033
1788561000000,79706,79716,79677.15,79677.15,51.06387
1788561300000,79677.16,79704,79677.15,79703.99,7.43626
1788561600000,79704,79710.62,79662,79662.01,44.02046
1788561900000,79662,79679.87,79624.88,79663.46,42.79233
1788562200000,79663.45,79666,79644.71,79664.03,27.27476
1788562500000,79664.04,79664.04,79622.58,79636.09,15.14603
1788562800000,79636.09,79640,79600.89,79640,21.38845
1788563100000,79639.99,79650,79634.29,79649.44,7.01827
1788563400000,79649.45,79649.45,79602.19,79611.11,14.57465
1788563700000,79611.12,79640,79611.11,79635.1,12.5033
1788564000000,79635.11,79706,79635.1,79705.99,18.67923
1788564300000,79706,79758,79701.46,79736.03,24.71847
1788564600000,79736.02,79736.03,79684.65,79684.65,8.33635
1788564900000,79684.66,79686.01,79675.13,79675.13,9.92747
1788565200000,79675.13,79675.14,79668.01,79668.01,6.57091
1788565500000,79668.02,79668.02,79647.64,79647.65,4.81234
1788565800000,79647.65,79647.65,79617.16,79619.72,9.87403
1788566100000,79619.73,79660.77,79619.72,79660.77,14.52617
1788566400000,79660.77,79660.77,79636,79641.03,9.29951
1788566700000,79641.02,79650,79616.58,79649.99,10.56526
1788567000000,79650,79721.57,79649.99,79672.68,18.2277
1788567300000,79672.68,79672.68,79600,79625.68,24.39247
1788567600000,79625.68,79637.76,79625.67,79637.76,3.10919
1788567900000,79637.76,79654,79637.75,79652.71,11.33411
1788568200000,79652.72,79699.68,79645.95,79652.72,17.58232
1788568500000,79652.72,79652.72,79630.46,79647.11,7.34126
1788568800000,79647.11,79684.79,79624,79627.21,15.24783
1788569100000,79627.21,79627.21,79574,79598.34,28.68123
1788569400000,79598.35,79649.23,79598.34,79642.68,11.23384
1788569700000,79642.68,79648.58,79562,79573.36,22.52506
1788570000000,79573.37,79604,79550.75,79604,27.27597
1788570300000,79604,79642.63,79594.9,79642.62,12.32578
1788570600000,79642.62,79682.05,79625.46,79626.03,23.01641
1788570900000,79626.02,79690.37,79626.02,79690.36,9.44513
1788571200000,79690.37,79690.37,79646,79679.22,10.76689
1788571500000,79679.22,79700,79604,79693.99,30.61314
1788571800000,79693.99,79710,79668.92,79674,15.12643
1788572100000,79674.01,79674.01,79610,79624,29.25883
1788572400000,79623.99,79675.88,79614,79635.74,18.81393
1788572700000,79635.74,79664,79585.48,79591.58,30.49387
1788573000000,79591.58,79596,79562,79590.84,17.41742
1788573300000,79590.84,79590.84,79533.34,79533.34,26.72271
1788573600000,79533.34,79533.34,79472.22,79512.87,54.34947
1788573900000,79512.86,79554,79506.47,79554,16.57522
1788574200000,79554,79578,79553.99,79564,22.23216
1788574500000,79564.01,79582,79564,79581.99,9.07577
1788574800000,79581.99,79594,79560.57,79594,25.30605
1788575100000,79593.99,79596.8,79512,79521.56,25.94932
1788575400000,79521.55,79569.71,79521.55,79569.71,17.61848
1788575700000,79569.71,79611.18,79559.6,79588.06,15.98461
1788576000000,79588.05,79622,79588.05,79619.45,11.33506
1788576300000,79619.44,79619.45,79568,79568,8.96674
1788576600000,79568.01,79568.01,79538.58,79562,11.05249
1788576900000,79562,79579.42,79561.99,79569.09,8.10401
1788577200000,79569.09,79569.09,79546.01,79555.07,7.9118
1788577500000,79555.07,79555.72,79518.72,79518.72,13.21836
1788577800000,79518.72,79545.97,79510.93,79545.75,13.93084
1788578100000,79545.76,79614,79545.75,79593.79,53.54724
1788578400000,79593.8,79600,79564,79600,20.58293
1788578700000,79599.99,79600,79584,79584,18.52565
1788579000000,79584.01,79607.12,79584,79601.81,20.67628
1788579300000,79601.8,79630,79601.8,79614.65,12.93332
1788579600000,79614.65,79622.75,79614.65,79622.75,10.49963
1788579900000,79622.75,79630.74,79622.75,79623.2,24.38337
1788580200000,79623.19,79623.21,79596,79602.5,11.65497
1788580500000,79602.5,79602.51,79581.57,79582,14.31463
1788580800000,79581.99,79588.61,79538,79585.5,20.43024
1788581100000,79585.51,79589.84,79546,79547.29,22.2813
1788581400000,79547.28,79547.29,79513.29,79539.99,16.44569
1788581700000,79540,79574,79539.99,79564.68,12.87866
1788582000000,79564.69,79576,79564.68,79575.99,8.162
1788582300000,79575.99,79576,79558.28,79558.28,19.55945
1788582600000,79558.28,79560.12,79552,79560.12,9.97793
1788582900000,79560.12,79560.12,79530,79530.01,22.35495
1788583200000,79530.01,79533.29,79530,79533.28,8.09752
1788583500000,79533.29,79559.88,79504,79559.87,92.08238
1788583800000,79559.88,79559.88,79512,79548.02,26.07813
1788584100000,79548.02,79548.02,79500,79500.01,25.61049
1788584400000,79500.01,79506.37,79442,79467.95,21.74719
1788584700000,79467.95,79480.66,79449.31,79460,122.54933
1788585000000,79459.99,79558.73,79459.99,79558.73,13.68859
1788585300000,79558.73,79570,79527.59,79558.2,149.64039
1788585600000,79558.19,79561.61,79520,79534.21,13.24212
1788585900000,79534.21,79586.04,79534.21,79586.04,7.35579
1788586200000,79586.04,79594,79586.04,79593.99,9.92316
1788586500000,79593.99,79594,79578.98,79578.98,4.98757
1788586800000,79578.99,79580,79522,79522.01,18.79309
1788587100000,79522.01,79522.01,79493.82,79500.17,18.68457
1788587400000,79500.18,79577.06,79499.71,79570,87.52075
1788587700000,79570,79600.01,79569.99,79577.53,18.42823
1788588000000,79577.53,79609.09,79576,79609.09,15.88187
1788588300000,79609.09,79620.81,79578.46,79578.49,22.48292
1788588600000,79578.48,79635.97,79578.48,79626.54,24.89502
1788588900000,79626.54,79626.55,79613.4,79625.17,9.52618
1788589200000,79625.17,79640,79619.21,79623.73,25.99743
1788589500000,79623.73,79645.45,79621.05,79643.03,19.99941
1788589800000,79643.03,79647.05,79630,79630,17.68833
1788590100000,79630,79715.72,79630,79715.72,23.92063
1788590400000,79715.71,79715.72,79664,79664,21.21983
1788590700000,79664,79666.11,79660.3,79666.11,15.43495
1788591000000,79666.1,79666.11,79657.53,79657.54,19.96678
1788591300000,79657.54,79684.78,79644,79644.01,38.75149
1788591600000,79644.01,79695.96,79639.22,79686.45,40.3691
1788591900000,79686.45,79691.27,79667.07,79667.07,13.57484
1788592200000,79667.08,79698,79667.07,79692.44,25.66559
1788592500000,79692.44,79707.6,79672.68,79672.68,25.57841
1788592800000,79672.69,79707.59,79672.68,79707.59,11.63786
1788593100000,79707.59,79717.59,79707.58,79717.58,14.04202
1788593400000,79717.58,79749.7,79708.14,79746.97,40.12235
1788593700000,79746.97,79746.98,79731.02,79731.02,14.49756
1788594000000,79731.02,79732.48,79709.71,79730.74,29.90368
1788594300000,79731.17,79763.41,79728,79728,20.86196
1788594600000,79728,79740.05,79721.53,79731.83,16.57398
1788594900000,79731.83,79731.84,79694.71,79709.96,20.4502
1788595200000,79709.96,79709.96,79645.87,79645.88,25.129
1788595500000,79645.87,79657.61,79633.38,79645.28,26.62473
1788595800000,79645.29,79699.86,79645.28,79662.01,25.438
1788596100000,79662.01,79727.95,79662,79664.22,32.48769
1788596400000,79664.22,79682.39,79648.17,79648.57,20.65117
1788596700000,79648.58,79648.58,79608.22,79639.43,35.58175
1788597000000,79639.44,79639.44,79568,79568.01,39.54056
1788597300000,79568.01,79636.76,79568,79614,40.43093
1788597600000,79614.01,79615.3,79613.9,79615.3,29.79039
1788597900000,79615.29,79615.3,79600,79600.01,18.63722
1788598200000,79600.01,79622.22,79600,79622.21,38.44165
1788598500000,79622.22,79667.99,79622.21,79650,45.17575
1788598800000,79650.01,79720.58,79650,79698.14,41.82409
1788599100000,79698.15,79709.49,79693.13,79698.41,31.67804
1788599400000,79698.41,79735.97,79698.4,79719.41,38.06413
1788599700000,79719.41,79719.41,79694.21,79695.01,23.55061
1788600000000,79695,79714.62,79693.15,79697.73,29.33082
1788600300000,79697.72,79697.73,79697.72,79697.72,19.75832
1788600600000,79697.72,79697.73,79697.64,79697.64,20.25019
1788600900000,79697.64,79708.35,79689.36,79689.37,25.11062
1788601200000,79689.37,79689.49,79657.34,79689.48,63.51491
1788601500000,79689.48,79689.48,79646.07,79646.07,35.65652
1788601800000,79646.08,79658.64,79646,79646.01,27.39825
1788602100000,79646,79646.01,79612,79631.28,35.08858
1788602400000,79631.29,79636.91,79630.93,79630.93,31.74184
1788602700000,79630.94,79630.94,79629.93,79629.94,25.13825
1788603000000,79629.94,79629.94,79619.55,79622,40.34419
1788603300000,79622,79622.01,79622,79622,26.77437
1788603600000,79622,79655.97,79613.46,79648.01,34.86019
1788603900000,79648,79660,79600.02,79615.99,30.91618
1788604200000,79615.99,79664,79615.99,79646.68,32.83045
1788604500000,79646.67,79650.01,79600,79615.99,23.58996
1788604800000,79616,79632,79600,79600.01,17.89471
1788605100000,79600,79600.01,79596,79596.01,20.13296
1788605400000,79596.01,79622,79593.92,79622,16.11247
1788605700000,79622,79656.23,79618,79618.01,23.75801
1788606000000,79618,79663.93,79618,79663.93,13.04556
1788606300000,79663.92,79673.03,79642,79649.83,33.11585
1788606600000,79649.84,79673.96,79636.34,79649.5,38.39877
1788606900000,79649.5,79649.5,79624,79624,7.51369
1788607200000,79624.01,79624.01,79624,79624.01,7.89582
1788607500000,79624.01,79624.01,79620,79623.95,9.5282
1788607800000,79623.94,79636,79623.94,79636,9.48807
1788608100000,79636,79636,79635.93,79635.93,10.73168
1788608400000,79635.94,79640.48,79608,79608,32.75268
1788608700000,79608.01,79645.26,79608,79645.25,16.33182
1788609000000,79645.26,79674.33,79630.13,79630.14,22.05915
1788609300000,79630.13,79635.31,79608,79609.28,23.14123
1788609600000,79609.29,79654.21,79609.28,79654.21,12.61249
1788609900000,79654.2,79673.99,79654.2,79673.98,9.14389
1788610200000,79673.98,79673.99,79660.7,79662.46,7.06866
1788610500000,79662.46,79662.47,79656.23,79656.24,9.65038
1788610800000,79656.23,79676,79656.23,79676,9.24617
1788611100000,79675.99,79679.99,79663.98,79663.98,12.47022
1788611400000,79654.97,79694,79612.25,79682.26,43.21026
1788611700000,79682.25,79698.07,79682.25,79694.57,7.25226
1788612000000,79711.98,79711.99,79711.98,79711.99,0.8312
